{
  "project_info": {
    "project_number": "1079674564321",
    "project_id": "fir-917a3",
    "storage_bucket": "fir-917a3.appspot.com"
  },
  "client": [
    {
      "client_info": {
        "mobilesdk_app_id": "1:1079674564321:android:3a854fff9ab517a409d1a0",
        "android_client_info": {
          "package_name": "com.example.tra_well_application"
        }
      },
      "oauth_client": [
        {
          "client_id": "1079674564321-fjorva5tv1krei96juejmgii4l1bkfo4.apps.googleusercontent.com",
          "client_type": 3
        }
      ],
      "api_key": [
        {
          "current_key": "AIzaSyC53dQcBm1nP9UR4Ub9H6shtv51WkCBWh0"
        }
      ],
      "services": {
        "appinvite_service": {
          "other_platform_oauth_client": [
            {
              "client_id": "1079674564321-fjorva5tv1krei96juejmgii4l1bkfo4.apps.googleusercontent.com",
              "client_type": 3
            }
          ]
        }
      }
    }
  ],
  "configuration_version": "1"
}